{
  "accuracy": 0.6761,
  "auc_roc": 0.8188,
  "f1_macro": 0.6658,
  "feature_importance": {
    "spec_code": 0.8882636649905618,
    "latitude_scaled": 0.04981874410365038,
    "district_code": 0.03404869309942204,
    "longitude_scaled": 0.027868897806365905
  },
  "features_used": [
    "spec_code",
    "district_code",
    "latitude_scaled",
    "longitude_scaled"
  ],
  "n_train": 15103,
  "n_test": 3776,
  "saturated_rate": 0.2528
}