{
  "accuracy": 0.9984,
  "auc_roc": 0.9997,
  "f1_macro": 0.9984,
  "feature_importance": {
    "city_code": 0.5397676233847196,
    "spec_code": 0.36763134433760464,
    "district_code": 0.060506270072381955,
    "longitude_scaled": 0.018301963090745863,
    "latitude_scaled": 0.013792799114547963
  },
  "features_used": [
    "city_code",
    "spec_code",
    "district_code",
    "latitude_scaled",
    "longitude_scaled"
  ],
  "n_train": 14890,
  "n_test": 3723,
  "saturated_rate": 0.5035
}