{
  "accuracy": 0.6642,
  "auc_roc": 0.8101,
  "f1_macro": 0.6525,
  "feature_importance": {
    "spec_code": 0.8882346264037421,
    "latitude_scaled": 0.043315941567073565,
    "district_code": 0.03941336669491595,
    "longitude_scaled": 0.029036065334268533
  },
  "features_used": [
    "spec_code",
    "district_code",
    "latitude_scaled",
    "longitude_scaled"
  ],
  "n_train": 18889,
  "n_test": 4723,
  "saturated_rate": 0.2555
}